<?xml version="1.0" encoding="UTF-8" ?>
<!DOCTYPE mapper
        PUBLIC "-//mybatis.org//DTD Mapper 3.0//EN"
        "http://mybatis.org/dtd/mybatis-3-mapper.dtd">

<mapper namespace="com.xiaofan.dao.BlogMapper">

    <insert id="addBlog" parameterType="blog">
        insert into mybatis.blog (id, title, author, create_time, views)
        values (#{id}, #{title}, #{author}, #{createTime}, #{views});
    </insert>

    <select id="queryBlogIF" parameterType="map" resultType="blog">
        select * from mybatis.blog
        <where>
            <if test="title != null">
                title = #{title}
            </if>
            <if test="author != null">
                and author = #{author}
            </if>
        </where>
    </select>

    <select id="queryBlogChoose" parameterType="map" resultType="blog">
        select * from mybatis.blog
        <where>
            <choose>
                <when test="title != null">
                    title = #{title}
                </when>
                <when test="author != null">
                    and author = #{author}
                </when>
                <otherwise>
                    and views = #{views}
                </otherwise>
            </choose>

        </where>
    </select>

    <update id="updateBlog" parameterType="map">
        update mybatis.blog
        <set>
            <if test="title != null">
                title = #{title},
            </if>
            <if test="author != null">
                author = #{author}
            </if>
        </set>
        where id = #{id}
    </update>

    <!-- select * from mybatis.blog where 1=1 and (id=1 or id=2 or id=3) -->
    <select id="queryBlogForeach" parameterType="map" resultType="blog">
        select * from mybatis.blog
        <where>
            <foreach collection="ids" item="id" open="and (" close=")" separator="or">
                id = #{id}
            </foreach>
        </where>
    </select>
</mapper>