<?xml version="1.0" encoding="UTF-8"?>
<beans xmlns="http://www.springframework.org/schema/beans"
       xmlns:xsi="http://www.w3.org/2001/XMLSchema-instance"
       xmlns:context="http://www.springframework.org/schema/context"
       xmlns:mvc="http://www.springframework.org/schema/mvc"
       xsi:schemaLocation="http://www.springframework.org/schema/beans
        https://www.springframework.org/schema/beans/spring-beans.xsd http://www.springframework.org/schema/context https://www.springframework.org/schema/context/spring-context.xsd http://www.springframework.org/schema/mvc https://www.springframework.org/schema/mvc/spring-mvc.xsd">

    <!--自动扫描包， 让指定包下的注解生效，由IOC容器统一管理-->
    <context:component-scan base-package="com.xiaofan.controller"/>
    <!--让Spring MVC不处理静态资源 .css .js .html .mp3 .mp4-->
    <mvc:default-servlet-handler />
    <!--支持mvc注解驱动
        在spring中一般采用@RequestMapping注解完成映射关系， 要想使@RequestMapping注解生效，必须向上下文注册DefaultAnnotationHandlerMapping
        和一个AnnotationMethodHandlerAdapter实例，这两个实例分别在类级别和方法级别处理， 而annotation-driven配置帮助我们自动完成上述两个实例的注入-->
    <mvc:annotation-driven>
        <mvc:message-converters register-defaults="true">
            <bean class="org.springframework.http.converter.StringHttpMessageConverter">
                <property name="supportedMediaTypes">
                    <list>
                        <value>text/html;charset=UTF-8</value>
                        <value>application/json;charset=UTF-8</value>
                    </list>
                </property>
            </bean>
        </mvc:message-converters>
    </mvc:annotation-driven>

    <!--处理器解析器-->
    <bean class="org.springframework.web.servlet.view.InternalResourceViewResolver" id="InternalResourceViewResolver">
        <!--前缀-->
        <property name="prefix" value="/WEB-INF/jsp/"/>
        <!--后缀-->
        <property name="suffix" value=".jsp"/>
    </bean>

    <!--关于拦截器的配置-->
    <mvc:interceptors>
        <mvc:interceptor>
            <!--/** 包括路径及其子路径-->
            <!--/admin/* 拦截的是/admin/add等等这种 , /admin/add/user不会被拦截-->
            <!--/admin/** 拦截的是/admin/下的所有-->
            <mvc:mapping path="/**"/>
            <!--bean配置的就是拦截器-->
            <bean class="com.xiaofan.interceptor.MyInterceptor"/>
        </mvc:interceptor>
    </mvc:interceptors>

    <!--关于拦截器的配置-->
    <mvc:interceptors>
        <mvc:interceptor>
            <mvc:mapping path="/user/**"/>
            <bean id="loginInterceptor" class="com.xiaofan.interceptor.LoginInterceptor"/>
        </mvc:interceptor>
    </mvc:interceptors>
</beans>